ID,Name,Start Time,End Time,Attendee
0,Concert,8/1/20 10:38,8/1/20 11:13,0
0,Concert,8/1/20 10:38,8/1/20 11:13,1
0,Concert,8/1/20 10:38,8/1/20 11:13,2
0,Concert,8/1/20 10:38,8/1/20 11:13,5
0,Concert,8/1/20 10:38,8/1/20 11:13,7
0,Concert,8/1/20 10:38,8/1/20 11:13,8
0,Concert,8/1/20 10:38,8/1/20 11:13,9
0,Concert,8/1/20 10:38,8/1/20 11:13,10
1,Orchestra,8/3/20 3:43,8/3/20 4:28,0
1,Orchestra,8/3/20 3:43,8/3/20 4:28,1
1,Orchestra,8/3/20 3:43,8/3/20 4:28,7
1,Orchestra,8/3/20 3:43,8/3/20 4:28,9
1,Orchestra,8/3/20 3:43,8/3/20 4:28,10
2,Church,8/3/20 1:43,8/3/20 2:24,1
2,Church,8/3/20 1:43,8/3/20 2:24,2
2,Church,8/3/20 1:43,8/3/20 2:24,3
2,Church,8/3/20 1:43,8/3/20 2:24,4
2,Church,8/3/20 1:43,8/3/20 2:24,10
2,Church,8/3/20 1:43,8/3/20 2:24,11
3,Sports Game,8/3/20 10:12,8/3/20 10:20,0
3,Sports Game,8/3/20 10:12,8/3/20 10:20,2
3,Sports Game,8/3/20 10:12,8/3/20 10:20,3
3,Sports Game,8/3/20 10:12,8/3/20 10:20,9
3,Sports Game,8/3/20 10:12,8/3/20 10:20,10
3,Sports Game,8/3/20 10:12,8/3/20 10:20,11
